{
    "model":"22.v2.moc",
    "textures":[
        "textures/texture_00.png",
        "textures/texture_01.png",
        "textures/texture_02.png",
        "textures/texture_03.png"
    ],
    "hit_areas_custom":{
        "head_x":[-0.35, 0.6],
        "head_y":[0.19, -0.2],
        "body_x":[-0.3, -0.25],
        "body_y":[0.3, -0.9]
    },
    "layout":{
        "center_x":-0.05,
        "center_y":0.25,
        "height":2.7
    },
    "motions":{
        "idle":[
            {
                "file":"22.v2.idle-01.mtn",
                "fade_in":2000,
                "fade_out":2000
            },
            {
                "file":"22.v2.idle-02.mtn",
                "fade_in":2000,
                "fade_out":2000
            },
            {
                "file":"22.v2.idle-03.mtn",
                "fade_in":100,
                "fade_out":100
            }
        ],
        "tap_body":[
            {
                "file":"22.v2.touch.mtn",
                "fade_in":150,
                "fade_out":100
            }
        ],
        "thanking":[
            {
                "file":"22.v2.thanking.mtn",
                "fade_in":2000,
                "fade_out":2000
            }
        ]
    }
}