{
	"Version": 3,
	"Meta": {
		"Duration": 4.4,
		"Fps": 30.0,
		"Loop": true,
		"AreBeziersRestricted": true,
		"CurveCount": 9,
		"TotalSegmentCount": 43,
		"TotalPointCount": 102,
		"UserDataCount": 0,
		"TotalUserDataSize": 0
	},
	"Curves": [
		{
			"Target": "Parameter",
			"Id": "Param2",
			"Segments": [
				0,
				-30,
				0,
				1.1,
				-30,
				1,
				1.3,
				-30,
				1.5,
				30,
				1.7,
				30,
				1,
				2.389,
				30,
				3.078,
				30,
				3.767,
				30,
				1,
				3.9,
				30,
				4.033,
				-30,
				4.167,
				-30,
				0,
				4.4,
				-30
			]
		},
		{
			"Target": "Parameter",
			"Id": "ParamAngleX",
			"Segments": [
				0,
				0,
				0,
				1.1,
				0,
				1,
				1.333,
				0,
				1.567,
				-1,
				1.8,
				-1,
				1,
				2.567,
				-1,
				3.333,
				0,
				4.1,
				0,
				0,
				4.4,
				0
			]
		},
		{
			"Target": "Parameter",
			"Id": "ParamAngleY",
			"Segments": [
				0,
				0,
				0,
				1.1,
				0,
				1,
				1.333,
				0,
				1.567,
				4,
				1.8,
				4,
				1,
				2.567,
				4,
				3.333,
				0,
				4.1,
				0,
				0,
				4.4,
				0
			]
		},
		{
			"Target": "Parameter",
			"Id": "ParamEyeLOpen",
			"Segments": [
				0,
				1,
				0,
				1.1,
				1,
				1,
				1.333,
				1,
				1.567,
				0,
				1.8,
				0,
				1,
				2.467,
				0,
				3.133,
				0,
				3.8,
				0,
				1,
				3.944,
				0,
				4.089,
				1,
				4.233,
				1,
				0,
				4.4,
				1
			]
		},
		{
			"Target": "Parameter",
			"Id": "ParamEyeLSmile",
			"Segments": [
				0,
				0,
				0,
				1.1,
				0,
				1,
				1.333,
				0,
				1.567,
				1,
				1.8,
				1,
				1,
				2.467,
				1,
				3.133,
				1,
				3.8,
				1,
				1,
				3.944,
				1,
				4.089,
				0,
				4.233,
				0,
				0,
				4.4,
				0
			]
		},
		{
			"Target": "Parameter",
			"Id": "ParamEyeROpen",
			"Segments": [
				0,
				1,
				0,
				1.1,
				1,
				1,
				1.333,
				1,
				1.567,
				0,
				1.8,
				0,
				1,
				2.467,
				0,
				3.133,
				0,
				3.8,
				0,
				1,
				3.944,
				0,
				4.089,
				1,
				4.233,
				1,
				0,
				4.4,
				1
			]
		},
		{
			"Target": "Parameter",
			"Id": "ParamEyeRSmile",
			"Segments": [
				0,
				0,
				0,
				1.1,
				0,
				1,
				1.333,
				0,
				1.567,
				1,
				1.8,
				1,
				1,
				2.467,
				1,
				3.133,
				1,
				3.8,
				1,
				1,
				3.944,
				1,
				4.089,
				0,
				4.233,
				0,
				0,
				4.4,
				0
			]
		},
		{
			"Target": "Parameter",
			"Id": "ParamMouthForm",
			"Segments": [
				0,
				-0.2,
				0,
				1.1,
				-0.2,
				1,
				1.311,
				-0.2,
				1.522,
				0.3,
				1.733,
				0.3,
				1,
				2.444,
				0.3,
				3.156,
				0.3,
				3.867,
				0.3,
				1,
				4.022,
				0.3,
				4.178,
				-0.2,
				4.333,
				-0.2,
				0,
				4.4,
				-0.2
			]
		},
		{
			"Target": "Parameter",
			"Id": "ParamMouthOpenY",
			"Segments": [
				0,
				0,
				0,
				1.1,
				0,
				1,
				1.311,
				0,
				1.522,
				1,
				1.733,
				1,
				1,
				2.444,
				1,
				3.156,
				1,
				3.867,
				1,
				1,
				4.022,
				1,
				4.178,
				0,
				4.333,
				0,
				0,
				4.4,
				0
			]
		}
	]
}